class_id,class_name,n_instances,precision,recall,AP50,AP75,AP
0,PET,2854,0.751461,0.847517,0.854122,0.773700,0.681052
1,HDPE,3269,0.639582,0.672683,0.691095,0.637790,0.559469
2,Mixed_Plastic,3047,0.665822,0.541844,0.615023,0.540668,0.480798
3,ECAL,3026,0.750267,0.712845,0.781395,0.702729,0.625913
overall,4class,12196,0.701783,0.693722,0.735409,0.663722,0.586808
