class_id,class_name,n_instances,precision,recall,AP50,AP75,AP
0,PET,2854,0.850912,0.783812,0.859497,0.789966,0.691331
1,HDPE,3269,0.747279,0.667177,0.720319,0.663473,0.580646
2,Mixed_Plastic,3047,0.609526,0.640302,0.628491,0.513923,0.478916
3,ECAL,3026,0.752143,0.751126,0.803449,0.730201,0.642028
overall,4class,12196,0.739965,0.710604,0.752939,0.674391,0.598230
