class_id,class_name,n_instances,precision,recall,AP50,AP75,AP
0,PET,2854,0.882343,0.783035,0.887279,0.806526,0.705018
1,HDPE,3269,0.710702,0.658305,0.700509,0.644605,0.560673
2,Mixed_Plastic,3047,0.616429,0.493600,0.551993,0.445951,0.404671
3,ECAL,3026,0.679253,0.777264,0.769911,0.694094,0.612664
overall,4class,12196,0.722182,0.678051,0.727423,0.647794,0.570756
